<?xml version="1.0" encoding="UTF-8" ?>
<!DOCTYPE tiles-definitions PUBLIC
  "-//Apache Software Foundation//DTD Tiles Configuration 3.0//EN"
  "http://tiles.apache.org/dtds/tiles-config_3_0.dtd">	

<tiles-definitions>

	<definition name="/contactList" extends="baseLayout">
		<put-attribute name="title" value="CONTACT" />
		<put-attribute name="body" value="/WEB-INF/views/admin/contact/contactList.jsp" />
	</definition>
	<definition name="/contactDetail" extends="baseLayout">
		<put-attribute name="title" value="CONTACT" />
		<put-attribute name="body" value="/WEB-INF/views/admin/contact/contactDetail.jsp" />
	</definition>
	
</tiles-definitions>


