<?xml version="1.0" encoding="UTF-8" ?>
<!DOCTYPE tiles-definitions PUBLIC
  "-//Apache Software Foundation//DTD Tiles Configuration 3.0//EN"
  "http://tiles.apache.org/dtds/tiles-config_3_0.dtd">
  
<tiles-definitions>

    <definition name="/admin/goods/adminGoodsList" extends="baseLayout">
       <put-attribute name="title" value="관리자 상품 리스트" />
       <put-attribute name="body" value="/WEB-INF/views/admin/goods/adminGoodsList.jsp" />
    </definition>
    
    <definition name="/admin/goods/adminGoodsAdd" extends="baseLayout">
       <put-attribute name="title" value="새 상품 추가" />
       <put-attribute name="body" value="/WEB-INF/views/admin/goods/adminGoodsAdd.jsp" />
    </definition>
    
    <definition name="/admin/goods/adminGoodsModify" extends="baseLayout">
       <put-attribute name="title" value="상품정보 수정" />
       <put-attribute name="body" value="/WEB-INF/views/admin/goods/adminGoodsModify.jsp" />
    </definition>
    
</tiles-definitions>