<?xml version="1.0" encoding="UTF-8" ?>
<!DOCTYPE tiles-definitions PUBLIC
  "-//Apache Software Foundation//DTD Tiles Configuration 3.0//EN"
  "http://tiles.apache.org/dtds/tiles-config_3_0.dtd">	

<tiles-definitions>

	<definition name="baseLayout" template="/WEB-INF/views/common/layout/layout.jsp">
		<put-attribute name="header" value="/WEB-INF/views/common/layout/header.jsp" />
		<put-attribute name="footer" value="/WEB-INF/views/common/layout/footer.jsp" />
	</definition>

	<definition name="/main" extends="baseLayout">
		<put-attribute name="title" value="IT BOOKS" />
		<put-attribute name="body" value="/WEB-INF/views/common/layout/main.jsp" />
	</definition>
	
</tiles-definitions>


