<?xml version="1.0" encoding="UTF-8" ?>
<!DOCTYPE tiles-definitions PUBLIC
  "-//Apache Software Foundation//DTD Tiles Configuration 3.0//EN"
  "http://tiles.apache.org/dtds/tiles-config_3_0.dtd">

<tiles-definitions>

	<definition name="/goods/goodsDetail" extends="baseLayout">
        <put-attribute name="title" value="상품 상세" />
        <put-attribute name="body" value="/WEB-INF/views/client/goods/goodsDetail.jsp" />
     </definition>  
     
	<definition name="/goods/goodsList" extends="baseLayout">
        <put-attribute name="title" value="상품 리스트" />
        <put-attribute name="body" value="/WEB-INF/views/client/goods/goodsList.jsp" />
     </definition>  
  
</tiles-definitions>


