<?xml version="1.0" encoding="UTF-8" ?>
<!DOCTYPE tiles-definitions PUBLIC
  "-//Apache Software Foundation//DTD Tiles Configuration 3.0//EN"
  "http://tiles.apache.org/dtds/tiles-config_3_0.dtd">

<tiles-definitions>
      
	  <definition name="/member/login" extends="baseLayout">
         <put-attribute name="title" value="로그인" />
         <put-attribute name="body" value="/WEB-INF/views/client/member/login.jsp" />
      </definition>  
      
      <definition name="/member/register" extends="baseLayout">
         <put-attribute name="title" value="회원 가입" />
         <put-attribute name="body" value="/WEB-INF/views/client/member/register.jsp" />
      </definition>
  
</tiles-definitions>


