<?xml version="1.0" encoding="UTF-8" ?>
<!DOCTYPE tiles-definitions PUBLIC
  "-//Apache Software Foundation//DTD Tiles Configuration 3.0//EN"
  "http://tiles.apache.org/dtds/tiles-config_3_0.dtd">
  
<tiles-definitions>

    <definition name="/myPage/myInfo" extends="baseLayout">
       <put-attribute name="title" value="내 정보 확인" />
       <put-attribute name="body" value="/WEB-INF/views/client/myPage/myInfo.jsp" />
    </definition>
    
    <definition name="/myPage/myOrderList" extends="baseLayout">
       <put-attribute name="title" value="내 주문 목록" />
       <put-attribute name="body" value="/WEB-INF/views/client/myPage/myOrderList.jsp" />
    </definition>
    
    <definition name="/myPage/myOrderDetail" extends="baseLayout">
       <put-attribute name="title" value="내 주문 목록 상세" />
       <put-attribute name="body" value="/WEB-INF/views/client/myPage/myOrderDetail.jsp" />
    </definition>
    
     <definition name="/cart/myCartList" extends="baseLayout">
       <put-attribute name="title" value="내 장바구니 리스트" />
       <put-attribute name="body" value="/WEB-INF/views/client/myPage/myCartList.jsp" />
    </definition>
    
</tiles-definitions>


