<?xml version="1.0" encoding="UTF-8" ?>
<!DOCTYPE tiles-definitions PUBLIC
  "-//Apache Software Foundation//DTD Tiles Configuration 3.0//EN"
  "http://tiles.apache.org/dtds/tiles-config_3_0.dtd">
  
<tiles-definitions>

    <definition name="/order/orderGoods" extends="baseLayout">
       <put-attribute name="title" value="상품 주문 페이지" />
       <put-attribute name="body" value="/WEB-INF/views/client/order/orderGoods.jsp" />
    </definition>
    
    <definition name="/order/orderCartGoods" extends="baseLayout">
       <put-attribute name="title" value="장바구니 주문 페이지" />
       <put-attribute name="body" value="/WEB-INF/views/client/order/orderCartGoods.jsp" />
    </definition>
    
</tiles-definitions>


